{ "frames": {
   "0": {
    "frame": { "x": 67, "y": 2, "w": 30, "h": 30 },
    "rotated": false,
    "trimmed": true,
    "spriteSourceSize": { "x": 3, "y": 5, "w": 26, "h": 26 },
    "sourceSize": { "w": 32, "h": 32 },
    "duration": 100
   },
   "1": {
    "frame": { "x": 2, "y": 34, "w": 30, "h": 29 },
    "rotated": false,
    "trimmed": true,
    "spriteSourceSize": { "x": 2, "y": 6, "w": 26, "h": 25 },
    "sourceSize": { "w": 32, "h": 32 },
    "duration": 100
   },
   "2": {
    "frame": { "x": 2, "y": 2, "w": 31, "h": 30 },
    "rotated": false,
    "trimmed": true,
    "spriteSourceSize": { "x": 2, "y": 5, "w": 27, "h": 26 },
    "sourceSize": { "w": 32, "h": 32 },
    "duration": 100
   },
   "3": {
    "frame": { "x": 35, "y": 2, "w": 30, "h": 31 },
    "rotated": false,
    "trimmed": true,
    "spriteSourceSize": { "x": 2, "y": 4, "w": 26, "h": 27 },
    "sourceSize": { "w": 32, "h": 32 },
    "duration": 100
   },
   "4": {
    "frame": { "x": 67, "y": 2, "w": 30, "h": 30 },
    "rotated": false,
    "trimmed": true,
    "spriteSourceSize": { "x": 3, "y": 5, "w": 26, "h": 26 },
    "sourceSize": { "w": 32, "h": 32 },
    "duration": 100
   },
   "5": {
    "frame": { "x": 67, "y": 34, "w": 26, "h": 30 },
    "rotated": false,
    "trimmed": true,
    "spriteSourceSize": { "x": 4, "y": 3, "w": 22, "h": 26 },
    "sourceSize": { "w": 32, "h": 32 },
    "duration": 100
   },
   "6": {
    "frame": { "x": 95, "y": 34, "w": 24, "h": 31 },
    "rotated": false,
    "trimmed": true,
    "spriteSourceSize": { "x": 5, "y": 2, "w": 20, "h": 27 },
    "sourceSize": { "w": 32, "h": 32 },
    "duration": 100
   },
   "7": {
    "frame": { "x": 99, "y": 2, "w": 22, "h": 26 },
    "rotated": false,
    "trimmed": true,
    "spriteSourceSize": { "x": 7, "y": 5, "w": 18, "h": 22 },
    "sourceSize": { "w": 32, "h": 32 },
    "duration": 100
   },
   "8": {
    "frame": { "x": 34, "y": 35, "w": 22, "h": 23 },
    "rotated": false,
    "trimmed": true,
    "spriteSourceSize": { "x": 7, "y": 8, "w": 18, "h": 19 },
    "sourceSize": { "w": 32, "h": 32 },
    "duration": 100
   },
   "9": {
    "frame": { "x": 34, "y": 35, "w": 22, "h": 23 },
    "rotated": false,
    "trimmed": true,
    "spriteSourceSize": { "x": 7, "y": 12, "w": 18, "h": 19 },
    "sourceSize": { "w": 32, "h": 32 },
    "duration": 100
   },
   "10": {
    "frame": { "x": 34, "y": 35, "w": 22, "h": 23 },
    "rotated": false,
    "trimmed": true,
    "spriteSourceSize": { "x": 7, "y": 12, "w": 18, "h": 19 },
    "sourceSize": { "w": 32, "h": 32 },
    "duration": 100
   }
 },
 "meta": {
  "app": "https://www.aseprite.org/",
  "version": "1.3-rc6-arm64",
  "image": "Crab.png",
  "format": "RGBA8888",
  "size": { "w": 121, "h": 65 },
  "scale": "1",
  "frameTags": [
   { "name": "Crab-Walk", "from": 0, "to": 3, "direction": "forward", "color": "#000000ff" },
   { "name": "Crab-Defend", "from": 4, "to": 9, "direction": "forward", "color": "#000000ff" },
   { "name": "Crab-DefendLoop", "from": 10, "to": 10, "direction": "forward", "color": "#000000ff" }
  ],
  "layers": [
   { "name": "Layer 1", "opacity": 255, "blendMode": "normal" }
  ],
  "slices": [
  ]
 }
}
