{ "frames": {
   "0": {
    "frame": { "x": 58, "y": 82, "w": 5, "h": 2 },
    "rotated": false,
    "trimmed": true,
    "spriteSourceSize": { "x": 37, "y": 61, "w": 5, "h": 2 },
    "sourceSize": { "w": 64, "h": 64 },
    "duration": 100
   },
   "1": {
    "frame": { "x": 49, "y": 82, "w": 7, "h": 3 },
    "rotated": false,
    "trimmed": true,
    "spriteSourceSize": { "x": 35, "y": 61, "w": 7, "h": 3 },
    "sourceSize": { "w": 64, "h": 64 },
    "duration": 100
   },
   "2": {
    "frame": { "x": 49, "y": 78, "w": 11, "h": 2 },
    "rotated": false,
    "trimmed": true,
    "spriteSourceSize": { "x": 32, "y": 61, "w": 11, "h": 2 },
    "sourceSize": { "w": 64, "h": 64 },
    "duration": 100
   },
   "3": {
    "frame": { "x": 157, "y": 85, "w": 18, "h": 2 },
    "rotated": false,
    "trimmed": true,
    "spriteSourceSize": { "x": 28, "y": 62, "w": 18, "h": 2 },
    "sourceSize": { "w": 64, "h": 64 },
    "duration": 100
   },
   "4": {
    "frame": { "x": 157, "y": 81, "w": 21, "h": 2 },
    "rotated": false,
    "trimmed": true,
    "spriteSourceSize": { "x": 27, "y": 62, "w": 21, "h": 2 },
    "sourceSize": { "w": 64, "h": 64 },
    "duration": 100
   },
   "5": {
    "frame": { "x": 155, "y": 137, "w": 22, "h": 2 },
    "rotated": false,
    "trimmed": true,
    "spriteSourceSize": { "x": 26, "y": 62, "w": 22, "h": 2 },
    "sourceSize": { "w": 64, "h": 64 },
    "duration": 100
   },
   "6": {
    "frame": { "x": 154, "y": 132, "w": 24, "h": 3 },
    "rotated": false,
    "trimmed": true,
    "spriteSourceSize": { "x": 25, "y": 61, "w": 24, "h": 3 },
    "sourceSize": { "w": 64, "h": 64 },
    "duration": 100
   },
   "7": {
    "frame": { "x": 29, "y": 143, "w": 25, "h": 3 },
    "rotated": false,
    "trimmed": true,
    "spriteSourceSize": { "x": 25, "y": 60, "w": 25, "h": 3 },
    "sourceSize": { "w": 64, "h": 64 },
    "duration": 100
   },
   "8": {
    "frame": { "x": 91, "y": 140, "w": 27, "h": 3 },
    "rotated": false,
    "trimmed": true,
    "spriteSourceSize": { "x": 23, "y": 60, "w": 27, "h": 3 },
    "sourceSize": { "w": 64, "h": 64 },
    "duration": 100
   },
   "9": {
    "frame": { "x": 2, "y": 140, "w": 25, "h": 5 },
    "rotated": false,
    "trimmed": true,
    "spriteSourceSize": { "x": 24, "y": 59, "w": 25, "h": 5 },
    "sourceSize": { "w": 64, "h": 64 },
    "duration": 100
   },
   "10": {
    "frame": { "x": 154, "y": 118, "w": 24, "h": 5 },
    "rotated": false,
    "trimmed": true,
    "spriteSourceSize": { "x": 25, "y": 59, "w": 24, "h": 5 },
    "sourceSize": { "w": 64, "h": 64 },
    "duration": 100
   },
   "11": {
    "frame": { "x": 154, "y": 125, "w": 24, "h": 5 },
    "rotated": false,
    "trimmed": true,
    "spriteSourceSize": { "x": 25, "y": 59, "w": 24, "h": 5 },
    "sourceSize": { "w": 64, "h": 64 },
    "duration": 100
   },
   "12": {
    "frame": { "x": 34, "y": 135, "w": 26, "h": 6 },
    "rotated": false,
    "trimmed": true,
    "spriteSourceSize": { "x": 24, "y": 58, "w": 26, "h": 6 },
    "sourceSize": { "w": 64, "h": 64 },
    "duration": 100
   },
   "13": {
    "frame": { "x": 91, "y": 131, "w": 30, "h": 7 },
    "rotated": false,
    "trimmed": true,
    "spriteSourceSize": { "x": 21, "y": 57, "w": 30, "h": 7 },
    "sourceSize": { "w": 64, "h": 64 },
    "duration": 100
   },
   "14": {
    "frame": { "x": 123, "y": 136, "w": 30, "h": 7 },
    "rotated": false,
    "trimmed": true,
    "spriteSourceSize": { "x": 21, "y": 57, "w": 30, "h": 7 },
    "sourceSize": { "w": 64, "h": 64 },
    "duration": 100
   },
   "15": {
    "frame": { "x": 2, "y": 112, "w": 30, "h": 26 },
    "rotated": false,
    "trimmed": true,
    "spriteSourceSize": { "x": 21, "y": 38, "w": 30, "h": 26 },
    "sourceSize": { "w": 64, "h": 64 },
    "duration": 100
   },
   "16": {
    "frame": { "x": 2, "y": 67, "w": 45, "h": 43 },
    "rotated": false,
    "trimmed": true,
    "spriteSourceSize": { "x": 14, "y": 21, "w": 45, "h": 43 },
    "sourceSize": { "w": 64, "h": 64 },
    "duration": 100
   },
   "17": {
    "frame": { "x": 125, "y": 2, "w": 49, "h": 64 },
    "rotated": false,
    "trimmed": true,
    "spriteSourceSize": { "x": 7, "y": 0, "w": 49, "h": 64 },
    "sourceSize": { "w": 64, "h": 64 },
    "duration": 100
   },
   "18": {
    "frame": { "x": 64, "y": 66, "w": 57, "h": 63 },
    "rotated": false,
    "trimmed": true,
    "spriteSourceSize": { "x": 4, "y": 1, "w": 57, "h": 63 },
    "sourceSize": { "w": 64, "h": 64 },
    "duration": 100
   },
   "19": {
    "frame": { "x": 2, "y": 2, "w": 60, "h": 63 },
    "rotated": false,
    "trimmed": true,
    "spriteSourceSize": { "x": 1, "y": 1, "w": 60, "h": 63 },
    "sourceSize": { "w": 64, "h": 64 },
    "duration": 100
   },
   "20": {
    "frame": { "x": 64, "y": 2, "w": 59, "h": 62 },
    "rotated": false,
    "trimmed": true,
    "spriteSourceSize": { "x": 4, "y": 2, "w": 59, "h": 62 },
    "sourceSize": { "w": 64, "h": 64 },
    "duration": 100
   },
   "21": {
    "frame": { "x": 123, "y": 68, "w": 32, "h": 36 },
    "rotated": false,
    "trimmed": true,
    "spriteSourceSize": { "x": 16, "y": 28, "w": 32, "h": 36 },
    "sourceSize": { "w": 64, "h": 64 },
    "duration": 100
   },
   "22": {
    "frame": { "x": 123, "y": 106, "w": 29, "h": 28 },
    "rotated": false,
    "trimmed": true,
    "spriteSourceSize": { "x": 21, "y": 36, "w": 29, "h": 28 },
    "sourceSize": { "w": 64, "h": 64 },
    "duration": 100
   },
   "23": {
    "frame": { "x": 34, "y": 112, "w": 27, "h": 21 },
    "rotated": false,
    "trimmed": true,
    "spriteSourceSize": { "x": 23, "y": 43, "w": 27, "h": 21 },
    "sourceSize": { "w": 64, "h": 64 },
    "duration": 100
   },
   "24": {
    "frame": { "x": 63, "y": 131, "w": 26, "h": 13 },
    "rotated": false,
    "trimmed": true,
    "spriteSourceSize": { "x": 23, "y": 51, "w": 26, "h": 13 },
    "sourceSize": { "w": 64, "h": 64 },
    "duration": 100
   },
   "25": {
    "frame": { "x": 154, "y": 106, "w": 22, "h": 10 },
    "rotated": false,
    "trimmed": true,
    "spriteSourceSize": { "x": 24, "y": 52, "w": 22, "h": 10 },
    "sourceSize": { "w": 64, "h": 64 },
    "duration": 100
   },
   "26": {
    "frame": { "x": 157, "y": 68, "w": 16, "h": 11 },
    "rotated": false,
    "trimmed": true,
    "spriteSourceSize": { "x": 26, "y": 51, "w": 16, "h": 11 },
    "sourceSize": { "w": 64, "h": 64 },
    "duration": 100
   },
   "27": {
    "frame": { "x": 49, "y": 67, "w": 11, "h": 4 },
    "rotated": false,
    "trimmed": true,
    "spriteSourceSize": { "x": 29, "y": 57, "w": 11, "h": 4 },
    "sourceSize": { "w": 64, "h": 64 },
    "duration": 100
   },
   "28": {
    "frame": { "x": 49, "y": 73, "w": 9, "h": 3 },
    "rotated": false,
    "trimmed": true,
    "spriteSourceSize": { "x": 30, "y": 57, "w": 9, "h": 3 },
    "sourceSize": { "w": 64, "h": 64 },
    "duration": 100
   },
   "29": {
    "frame": { "x": 176, "y": 2, "w": 1, "h": 1 },
    "rotated": false,
    "trimmed": true,
    "spriteSourceSize": { "x": 0, "y": 0, "w": 1, "h": 1 },
    "sourceSize": { "w": 64, "h": 64 },
    "duration": 100
   },
   "30": {
    "frame": { "x": 176, "y": 2, "w": 1, "h": 1 },
    "rotated": false,
    "trimmed": true,
    "spriteSourceSize": { "x": 0, "y": 0, "w": 1, "h": 1 },
    "sourceSize": { "w": 64, "h": 64 },
    "duration": 100
   },
   "31": {
    "frame": { "x": 176, "y": 2, "w": 1, "h": 1 },
    "rotated": false,
    "trimmed": true,
    "spriteSourceSize": { "x": 0, "y": 0, "w": 1, "h": 1 },
    "sourceSize": { "w": 64, "h": 64 },
    "duration": 100
   },
   "32": {
    "frame": { "x": 176, "y": 2, "w": 1, "h": 1 },
    "rotated": false,
    "trimmed": true,
    "spriteSourceSize": { "x": 0, "y": 0, "w": 1, "h": 1 },
    "sourceSize": { "w": 64, "h": 64 },
    "duration": 100
   },
   "33": {
    "frame": { "x": 176, "y": 2, "w": 1, "h": 1 },
    "rotated": false,
    "trimmed": true,
    "spriteSourceSize": { "x": 0, "y": 0, "w": 1, "h": 1 },
    "sourceSize": { "w": 64, "h": 64 },
    "duration": 100
   },
   "34": {
    "frame": { "x": 176, "y": 2, "w": 1, "h": 1 },
    "rotated": false,
    "trimmed": true,
    "spriteSourceSize": { "x": 0, "y": 0, "w": 1, "h": 1 },
    "sourceSize": { "w": 64, "h": 64 },
    "duration": 100
   },
   "35": {
    "frame": { "x": 176, "y": 2, "w": 1, "h": 1 },
    "rotated": false,
    "trimmed": true,
    "spriteSourceSize": { "x": 0, "y": 0, "w": 1, "h": 1 },
    "sourceSize": { "w": 64, "h": 64 },
    "duration": 100
   },
   "36": {
    "frame": { "x": 176, "y": 2, "w": 1, "h": 1 },
    "rotated": false,
    "trimmed": true,
    "spriteSourceSize": { "x": 0, "y": 0, "w": 1, "h": 1 },
    "sourceSize": { "w": 64, "h": 64 },
    "duration": 100
   },
   "37": {
    "frame": { "x": 176, "y": 2, "w": 1, "h": 1 },
    "rotated": false,
    "trimmed": true,
    "spriteSourceSize": { "x": 0, "y": 0, "w": 1, "h": 1 },
    "sourceSize": { "w": 64, "h": 64 },
    "duration": 100
   },
   "38": {
    "frame": { "x": 176, "y": 2, "w": 1, "h": 1 },
    "rotated": false,
    "trimmed": true,
    "spriteSourceSize": { "x": 0, "y": 0, "w": 1, "h": 1 },
    "sourceSize": { "w": 64, "h": 64 },
    "duration": 100
   },
   "39": {
    "frame": { "x": 176, "y": 2, "w": 1, "h": 1 },
    "rotated": false,
    "trimmed": true,
    "spriteSourceSize": { "x": 0, "y": 0, "w": 1, "h": 1 },
    "sourceSize": { "w": 64, "h": 64 },
    "duration": 100
   }
 },
 "meta": {
  "app": "https://www.aseprite.org/",
  "version": "1.3-rc6-arm64",
  "image": "Hand.png",
  "format": "RGBA8888",
  "size": { "w": 178, "h": 146 },
  "scale": "1",
  "frameTags": [
   { "name": "grab-attack", "from": 0, "to": 39, "direction": "forward", "color": "#000000ff" }
  ],
  "layers": [
   { "name": "Layer 1", "opacity": 255, "blendMode": "normal" },
   { "name": "Layer 2", "opacity": 255, "blendMode": "normal" }
  ],
  "slices": [
  ]
 }
}
