{ "frames": {
   "0": {
    "frame": { "x": 215, "y": 121, "w": 23, "h": 34 },
    "rotated": false,
    "trimmed": true,
    "spriteSourceSize": { "x": 21, "y": 34, "w": 19, "h": 30 },
    "sourceSize": { "w": 64, "h": 64 },
    "duration": 100
   },
   "1": {
    "frame": { "x": 117, "y": 162, "w": 19, "h": 33 },
    "rotated": false,
    "trimmed": true,
    "spriteSourceSize": { "x": 24, "y": 35, "w": 15, "h": 29 },
    "sourceSize": { "w": 64, "h": 64 },
    "duration": 100
   },
   "2": {
    "frame": { "x": 206, "y": 193, "w": 16, "h": 32 },
    "rotated": false,
    "trimmed": true,
    "spriteSourceSize": { "x": 26, "y": 36, "w": 12, "h": 28 },
    "sourceSize": { "w": 64, "h": 64 },
    "duration": 100
   },
   "3": {
    "frame": { "x": 96, "y": 159, "w": 19, "h": 33 },
    "rotated": false,
    "trimmed": true,
    "spriteSourceSize": { "x": 24, "y": 35, "w": 15, "h": 29 },
    "sourceSize": { "w": 64, "h": 64 },
    "duration": 100
   },
   "4": {
    "frame": { "x": 187, "y": 193, "w": 17, "h": 34 },
    "rotated": false,
    "trimmed": true,
    "spriteSourceSize": { "x": 24, "y": 33, "w": 13, "h": 30 },
    "sourceSize": { "w": 64, "h": 64 },
    "duration": 100
   },
   "5": {
    "frame": { "x": 46, "y": 164, "w": 18, "h": 34 },
    "rotated": false,
    "trimmed": true,
    "spriteSourceSize": { "x": 23, "y": 32, "w": 14, "h": 30 },
    "sourceSize": { "w": 64, "h": 64 },
    "duration": 100
   },
   "6": {
    "frame": { "x": 203, "y": 157, "w": 19, "h": 34 },
    "rotated": false,
    "trimmed": true,
    "spriteSourceSize": { "x": 24, "y": 33, "w": 15, "h": 30 },
    "sourceSize": { "w": 64, "h": 64 },
    "duration": 100
   },
   "7": {
    "frame": { "x": 182, "y": 157, "w": 19, "h": 34 },
    "rotated": false,
    "trimmed": true,
    "spriteSourceSize": { "x": 25, "y": 34, "w": 15, "h": 30 },
    "sourceSize": { "w": 64, "h": 64 },
    "duration": 100
   },
   "8": {
    "frame": { "x": 160, "y": 131, "w": 20, "h": 34 },
    "rotated": false,
    "trimmed": true,
    "spriteSourceSize": { "x": 26, "y": 33, "w": 16, "h": 30 },
    "sourceSize": { "w": 64, "h": 64 },
    "duration": 100
   },
   "9": {
    "frame": { "x": 2, "y": 134, "w": 22, "h": 30 },
    "rotated": false,
    "trimmed": true,
    "spriteSourceSize": { "x": 25, "y": 32, "w": 18, "h": 26 },
    "sourceSize": { "w": 64, "h": 64 },
    "duration": 100
   },
   "10": {
    "frame": { "x": 52, "y": 128, "w": 20, "h": 34 },
    "rotated": false,
    "trimmed": true,
    "spriteSourceSize": { "x": 26, "y": 33, "w": 16, "h": 30 },
    "sourceSize": { "w": 64, "h": 64 },
    "duration": 100
   },
   "11": {
    "frame": { "x": 106, "y": 123, "w": 20, "h": 34 },
    "rotated": false,
    "trimmed": true,
    "spriteSourceSize": { "x": 24, "y": 34, "w": 16, "h": 30 },
    "sourceSize": { "w": 64, "h": 64 },
    "duration": 100
   },
   "12": {
    "frame": { "x": 66, "y": 193, "w": 17, "h": 34 },
    "rotated": false,
    "trimmed": true,
    "spriteSourceSize": { "x": 24, "y": 33, "w": 13, "h": 30 },
    "sourceSize": { "w": 64, "h": 64 },
    "duration": 100
   },
   "13": {
    "frame": { "x": 168, "y": 193, "w": 17, "h": 34 },
    "rotated": false,
    "trimmed": true,
    "spriteSourceSize": { "x": 24, "y": 33, "w": 13, "h": 30 },
    "sourceSize": { "w": 64, "h": 64 },
    "duration": 100
   },
   "14": {
    "frame": { "x": 106, "y": 123, "w": 20, "h": 34 },
    "rotated": false,
    "trimmed": true,
    "spriteSourceSize": { "x": 24, "y": 34, "w": 16, "h": 30 },
    "sourceSize": { "w": 64, "h": 64 },
    "duration": 100
   },
   "15": {
    "frame": { "x": 84, "y": 123, "w": 20, "h": 34 },
    "rotated": false,
    "trimmed": true,
    "spriteSourceSize": { "x": 24, "y": 34, "w": 16, "h": 30 },
    "sourceSize": { "w": 64, "h": 64 },
    "duration": 100
   },
   "16": {
    "frame": { "x": 52, "y": 93, "w": 30, "h": 33 },
    "rotated": false,
    "trimmed": true,
    "spriteSourceSize": { "x": 14, "y": 35, "w": 26, "h": 29 },
    "sourceSize": { "w": 64, "h": 64 },
    "duration": 100
   },
   "17": {
    "frame": { "x": 52, "y": 53, "w": 44, "h": 38 },
    "rotated": false,
    "trimmed": true,
    "spriteSourceSize": { "x": 11, "y": 30, "w": 40, "h": 34 },
    "sourceSize": { "w": 64, "h": 64 },
    "duration": 100
   },
   "18": {
    "frame": { "x": 196, "y": 2, "w": 43, "h": 40 },
    "rotated": false,
    "trimmed": true,
    "spriteSourceSize": { "x": 12, "y": 28, "w": 39, "h": 36 },
    "sourceSize": { "w": 64, "h": 64 },
    "duration": 100
   },
   "19": {
    "frame": { "x": 160, "y": 98, "w": 28, "h": 31 },
    "rotated": false,
    "trimmed": true,
    "spriteSourceSize": { "x": 27, "y": 37, "w": 24, "h": 27 },
    "sourceSize": { "w": 64, "h": 64 },
    "duration": 100
   },
   "20": {
    "frame": { "x": 74, "y": 159, "w": 20, "h": 32 },
    "rotated": false,
    "trimmed": true,
    "spriteSourceSize": { "x": 27, "y": 36, "w": 16, "h": 28 },
    "sourceSize": { "w": 64, "h": 64 },
    "duration": 100
   },
   "21": {
    "frame": { "x": 138, "y": 167, "w": 28, "h": 22 },
    "rotated": false,
    "trimmed": true,
    "spriteSourceSize": { "x": 23, "y": 41, "w": 24, "h": 18 },
    "sourceSize": { "w": 64, "h": 64 },
    "duration": 100
   },
   "22": {
    "frame": { "x": 2, "y": 172, "w": 28, "h": 22 },
    "rotated": false,
    "trimmed": true,
    "spriteSourceSize": { "x": 23, "y": 41, "w": 24, "h": 18 },
    "sourceSize": { "w": 64, "h": 64 },
    "duration": 100
   },
   "23": {
    "frame": { "x": 224, "y": 157, "w": 18, "h": 34 },
    "rotated": false,
    "trimmed": true,
    "spriteSourceSize": { "x": 24, "y": 34, "w": 14, "h": 30 },
    "sourceSize": { "w": 64, "h": 64 },
    "duration": 100
   },
   "24": {
    "frame": { "x": 160, "y": 98, "w": 28, "h": 31 },
    "rotated": false,
    "trimmed": true,
    "spriteSourceSize": { "x": 27, "y": 37, "w": 24, "h": 27 },
    "sourceSize": { "w": 64, "h": 64 },
    "duration": 100
   },
   "25": {
    "frame": { "x": 100, "y": 2, "w": 47, "h": 49 },
    "rotated": false,
    "trimmed": true,
    "spriteSourceSize": { "x": 11, "y": 19, "w": 43, "h": 45 },
    "sourceSize": { "w": 64, "h": 64 },
    "duration": 100
   },
   "26": {
    "frame": { "x": 51, "y": 2, "w": 47, "h": 49 },
    "rotated": false,
    "trimmed": true,
    "spriteSourceSize": { "x": 11, "y": 19, "w": 43, "h": 45 },
    "sourceSize": { "w": 64, "h": 64 },
    "duration": 100
   },
   "27": {
    "frame": { "x": 2, "y": 2, "w": 47, "h": 49 },
    "rotated": false,
    "trimmed": true,
    "spriteSourceSize": { "x": 11, "y": 19, "w": 43, "h": 45 },
    "sourceSize": { "w": 64, "h": 64 },
    "duration": 100
   },
   "28": {
    "frame": { "x": 26, "y": 134, "w": 18, "h": 36 },
    "rotated": false,
    "trimmed": true,
    "spriteSourceSize": { "x": 26, "y": 32, "w": 14, "h": 32 },
    "sourceSize": { "w": 64, "h": 64 },
    "duration": 100
   },
   "29": {
    "frame": { "x": 98, "y": 88, "w": 30, "h": 33 },
    "rotated": false,
    "trimmed": true,
    "spriteSourceSize": { "x": 14, "y": 35, "w": 26, "h": 29 },
    "sourceSize": { "w": 64, "h": 64 },
    "duration": 100
   },
   "30": {
    "frame": { "x": 28, "y": 99, "w": 22, "h": 33 },
    "rotated": false,
    "trimmed": true,
    "spriteSourceSize": { "x": 24, "y": 35, "w": 18, "h": 29 },
    "sourceSize": { "w": 64, "h": 64 },
    "duration": 100
   },
   "31": {
    "frame": { "x": 2, "y": 99, "w": 24, "h": 33 },
    "rotated": false,
    "trimmed": true,
    "spriteSourceSize": { "x": 23, "y": 35, "w": 20, "h": 29 },
    "sourceSize": { "w": 64, "h": 64 },
    "duration": 100
   },
   "32": {
    "frame": { "x": 130, "y": 98, "w": 28, "h": 33 },
    "rotated": false,
    "trimmed": true,
    "spriteSourceSize": { "x": 22, "y": 35, "w": 24, "h": 29 },
    "sourceSize": { "w": 64, "h": 64 },
    "duration": 100
   },
   "33": {
    "frame": { "x": 149, "y": 2, "w": 45, "h": 48 },
    "rotated": false,
    "trimmed": true,
    "spriteSourceSize": { "x": 11, "y": 20, "w": 41, "h": 44 },
    "sourceSize": { "w": 64, "h": 64 },
    "duration": 100
   },
   "34": {
    "frame": { "x": 2, "y": 53, "w": 48, "h": 44 },
    "rotated": false,
    "trimmed": true,
    "spriteSourceSize": { "x": 8, "y": 24, "w": 44, "h": 40 },
    "sourceSize": { "w": 64, "h": 64 },
    "duration": 100
   },
   "35": {
    "frame": { "x": 149, "y": 52, "w": 48, "h": 44 },
    "rotated": false,
    "trimmed": true,
    "spriteSourceSize": { "x": 8, "y": 24, "w": 44, "h": 40 },
    "sourceSize": { "w": 64, "h": 64 },
    "duration": 100
   },
   "36": {
    "frame": { "x": 199, "y": 44, "w": 34, "h": 41 },
    "rotated": false,
    "trimmed": true,
    "spriteSourceSize": { "x": 9, "y": 27, "w": 30, "h": 37 },
    "sourceSize": { "w": 64, "h": 64 },
    "duration": 100
   },
   "37": {
    "frame": { "x": 66, "y": 193, "w": 17, "h": 34 },
    "rotated": false,
    "trimmed": true,
    "spriteSourceSize": { "x": 24, "y": 33, "w": 13, "h": 30 },
    "sourceSize": { "w": 64, "h": 64 },
    "duration": 100
   },
   "38": {
    "frame": { "x": 98, "y": 53, "w": 37, "h": 33 },
    "rotated": false,
    "trimmed": true,
    "spriteSourceSize": { "x": 5, "y": 34, "w": 33, "h": 29 },
    "sourceSize": { "w": 64, "h": 64 },
    "duration": 100
   },
   "39": {
    "frame": { "x": 199, "y": 87, "w": 34, "h": 32 },
    "rotated": false,
    "trimmed": true,
    "spriteSourceSize": { "x": 7, "y": 33, "w": 30, "h": 28 },
    "sourceSize": { "w": 64, "h": 64 },
    "duration": 100
   },
   "40": {
    "frame": { "x": 85, "y": 194, "w": 20, "h": 22 },
    "rotated": false,
    "trimmed": true,
    "spriteSourceSize": { "x": 27, "y": 43, "w": 16, "h": 18 },
    "sourceSize": { "w": 64, "h": 64 },
    "duration": 100
   },
   "41": {
    "frame": { "x": 224, "y": 193, "w": 18, "h": 27 },
    "rotated": false,
    "trimmed": true,
    "spriteSourceSize": { "x": 25, "y": 35, "w": 14, "h": 23 },
    "sourceSize": { "w": 64, "h": 64 },
    "duration": 100
   },
   "42": {
    "frame": { "x": 138, "y": 191, "w": 28, "h": 21 },
    "rotated": false,
    "trimmed": true,
    "spriteSourceSize": { "x": 23, "y": 44, "w": 24, "h": 17 },
    "sourceSize": { "w": 64, "h": 64 },
    "duration": 100
   },
   "43": {
    "frame": { "x": 128, "y": 133, "w": 25, "h": 27 },
    "rotated": false,
    "trimmed": true,
    "spriteSourceSize": { "x": 25, "y": 39, "w": 21, "h": 23 },
    "sourceSize": { "w": 64, "h": 64 },
    "duration": 100
   },
   "44": {
    "frame": { "x": 215, "y": 121, "w": 23, "h": 34 },
    "rotated": false,
    "trimmed": true,
    "spriteSourceSize": { "x": 21, "y": 34, "w": 19, "h": 30 },
    "sourceSize": { "w": 64, "h": 64 },
    "duration": 1000
   },
   "45": {
    "frame": { "x": 190, "y": 121, "w": 23, "h": 34 },
    "rotated": false,
    "trimmed": true,
    "spriteSourceSize": { "x": 21, "y": 34, "w": 19, "h": 30 },
    "sourceSize": { "w": 64, "h": 64 },
    "duration": 1000
   }
 },
 "meta": {
  "app": "https://www.aseprite.org/",
  "version": "1.3.6-arm64",
  "image": "hero.png",
  "format": "RGBA8888",
  "size": { "w": 244, "h": 229 },
  "scale": "1",
  "frameTags": [
   { "name": "hero-idle", "from": 0, "to": 3, "direction": "forward", "color": "#000000ff" },
   { "name": "hero-run", "from": 4, "to": 11, "direction": "forward", "color": "#000000ff" },
   { "name": "hero-jump", "from": 12, "to": 13, "direction": "forward", "color": "#000000ff" },
   { "name": "hero-fall", "from": 14, "to": 15, "direction": "forward", "color": "#000000ff" },
   { "name": "hero-slash", "from": 16, "to": 20, "direction": "forward", "color": "#000000ff" },
   { "name": "hero-damage", "from": 21, "to": 22, "direction": "forward", "color": "#000000ff" },
   { "name": "hero-lookup", "from": 23, "to": 23, "direction": "forward", "color": "#000000ff" },
   { "name": "hero-backslash", "from": 24, "to": 29, "direction": "forward", "color": "#000000ff" },
   { "name": "hero-uppercut", "from": 30, "to": 36, "direction": "forward", "color": "#000000ff" },
   { "name": "hero-flip", "from": 37, "to": 43, "direction": "forward", "color": "#000000ff" },
   { "name": "hero-blink", "from": 44, "to": 45, "direction": "forward", "color": "#000000ff" }
  ],
  "layers": [
   { "name": "Layer 1", "opacity": 255, "blendMode": "normal" }
  ],
  "slices": [
  ]
 }
}
