{ "frames": {
   "0": {
    "frame": { "x": 2, "y": 2, "w": 13, "h": 20 },
    "rotated": false,
    "trimmed": true,
    "spriteSourceSize": { "x": 3, "y": 0, "w": 9, "h": 16 },
    "sourceSize": { "w": 16, "h": 16 },
    "duration": 100
   },
   "1": {
    "frame": { "x": 17, "y": 2, "w": 13, "h": 20 },
    "rotated": false,
    "trimmed": true,
    "spriteSourceSize": { "x": 3, "y": 0, "w": 9, "h": 16 },
    "sourceSize": { "w": 16, "h": 16 },
    "duration": 100
   },
   "2": {
    "frame": { "x": 2, "y": 24, "w": 13, "h": 18 },
    "rotated": false,
    "trimmed": true,
    "spriteSourceSize": { "x": 3, "y": 0, "w": 9, "h": 14 },
    "sourceSize": { "w": 16, "h": 16 },
    "duration": 100
   },
   "3": {
    "frame": { "x": 17, "y": 2, "w": 13, "h": 20 },
    "rotated": false,
    "trimmed": true,
    "spriteSourceSize": { "x": 3, "y": 0, "w": 9, "h": 16 },
    "sourceSize": { "w": 16, "h": 16 },
    "duration": 100
   },
   "4": {
    "frame": { "x": 17, "y": 24, "w": 13, "h": 18 },
    "rotated": false,
    "trimmed": true,
    "spriteSourceSize": { "x": 3, "y": 0, "w": 9, "h": 14 },
    "sourceSize": { "w": 16, "h": 16 },
    "duration": 100
   }
 },
 "meta": {
  "app": "https://www.aseprite.org/",
  "version": "1.3-rc6-arm64",
  "image": "Roberto.png",
  "format": "RGBA8888",
  "size": { "w": 30, "h": 42 },
  "scale": "1",
  "frameTags": [
   { "name": "roberto-fly", "from": 0, "to": 4, "direction": "forward", "color": "#000000ff" }
  ],
  "layers": [
   { "name": "Layer 1", "opacity": 255, "blendMode": "normal" }
  ],
  "slices": [
  ]
 }
}
