{ "frames": {
   "0": {
    "frame": { "x": 75, "y": 205, "w": 31, "h": 64 },
    "rotated": false,
    "trimmed": true,
    "spriteSourceSize": { "x": 21, "y": 0, "w": 27, "h": 60 },
    "sourceSize": { "w": 64, "h": 64 },
    "duration": 100
   },
   "1": {
    "frame": { "x": 202, "y": 270, "w": 30, "h": 64 },
    "rotated": false,
    "trimmed": true,
    "spriteSourceSize": { "x": 20, "y": 1, "w": 26, "h": 60 },
    "sourceSize": { "w": 64, "h": 64 },
    "duration": 100
   },
   "2": {
    "frame": { "x": 167, "y": 202, "w": 33, "h": 67 },
    "rotated": false,
    "trimmed": true,
    "spriteSourceSize": { "x": 20, "y": 1, "w": 29, "h": 63 },
    "sourceSize": { "w": 64, "h": 64 },
    "duration": 100
   },
   "3": {
    "frame": { "x": 40, "y": 142, "w": 33, "h": 67 },
    "rotated": false,
    "trimmed": true,
    "spriteSourceSize": { "x": 20, "y": 0, "w": 29, "h": 63 },
    "sourceSize": { "w": 64, "h": 64 },
    "duration": 100
   },
   "4": {
    "frame": { "x": 296, "y": 202, "w": 31, "h": 68 },
    "rotated": false,
    "trimmed": true,
    "spriteSourceSize": { "x": 17, "y": 0, "w": 27, "h": 64 },
    "sourceSize": { "w": 64, "h": 64 },
    "duration": 100
   },
   "5": {
    "frame": { "x": 220, "y": 70, "w": 18, "h": 15 },
    "rotated": false,
    "trimmed": true,
    "spriteSourceSize": { "x": 25, "y": 53, "w": 14, "h": 11 },
    "sourceSize": { "w": 64, "h": 64 },
    "duration": 100
   },
   "6": {
    "frame": { "x": 294, "y": 46, "w": 20, "h": 18 },
    "rotated": false,
    "trimmed": true,
    "spriteSourceSize": { "x": 23, "y": 48, "w": 16, "h": 14 },
    "sourceSize": { "w": 64, "h": 64 },
    "duration": 100
   },
   "7": {
    "frame": { "x": 303, "y": 135, "w": 22, "h": 29 },
    "rotated": false,
    "trimmed": true,
    "spriteSourceSize": { "x": 25, "y": 39, "w": 18, "h": 25 },
    "sourceSize": { "w": 64, "h": 64 },
    "duration": 100
   },
   "8": {
    "frame": { "x": 92, "y": 72, "w": 20, "h": 36 },
    "rotated": false,
    "trimmed": true,
    "spriteSourceSize": { "x": 24, "y": 32, "w": 16, "h": 32 },
    "sourceSize": { "w": 64, "h": 64 },
    "duration": 100
   },
   "9": {
    "frame": { "x": 294, "y": 2, "w": 24, "h": 42 },
    "rotated": false,
    "trimmed": true,
    "spriteSourceSize": { "x": 24, "y": 26, "w": 20, "h": 38 },
    "sourceSize": { "w": 64, "h": 64 },
    "duration": 100
   },
   "10": {
    "frame": { "x": 167, "y": 139, "w": 37, "h": 61 },
    "rotated": false,
    "trimmed": true,
    "spriteSourceSize": { "x": 17, "y": 7, "w": 33, "h": 57 },
    "sourceSize": { "w": 64, "h": 64 },
    "duration": 100
   },
   "11": {
    "frame": { "x": 202, "y": 204, "w": 31, "h": 64 },
    "rotated": false,
    "trimmed": true,
    "spriteSourceSize": { "x": 19, "y": 4, "w": 27, "h": 60 },
    "sourceSize": { "w": 64, "h": 64 },
    "duration": 100
   },
   "12": {
    "frame": { "x": 130, "y": 203, "w": 32, "h": 67 },
    "rotated": false,
    "trimmed": true,
    "spriteSourceSize": { "x": 21, "y": 1, "w": 28, "h": 63 },
    "sourceSize": { "w": 64, "h": 64 },
    "duration": 100
   },
   "13": {
    "frame": { "x": 67, "y": 271, "w": 28, "h": 64 },
    "rotated": false,
    "trimmed": true,
    "spriteSourceSize": { "x": 21, "y": 4, "w": 24, "h": 60 },
    "sourceSize": { "w": 64, "h": 64 },
    "duration": 100
   },
   "14": {
    "frame": { "x": 92, "y": 136, "w": 36, "h": 67 },
    "rotated": false,
    "trimmed": true,
    "spriteSourceSize": { "x": 19, "y": 1, "w": 32, "h": 63 },
    "sourceSize": { "w": 64, "h": 64 },
    "duration": 100
   },
   "15": {
    "frame": { "x": 2, "y": 204, "w": 32, "h": 66 },
    "rotated": false,
    "trimmed": true,
    "spriteSourceSize": { "x": 21, "y": 2, "w": 28, "h": 62 },
    "sourceSize": { "w": 64, "h": 64 },
    "duration": 100
   },
   "16": {
    "frame": { "x": 2, "y": 2, "w": 65, "h": 66 },
    "rotated": false,
    "trimmed": true,
    "spriteSourceSize": { "x": 1, "y": 2, "w": 61, "h": 62 },
    "sourceSize": { "w": 64, "h": 64 },
    "duration": 100
   },
   "17": {
    "frame": { "x": 240, "y": 2, "w": 52, "h": 63 },
    "rotated": false,
    "trimmed": true,
    "spriteSourceSize": { "x": 12, "y": 5, "w": 48, "h": 59 },
    "sourceSize": { "w": 64, "h": 64 },
    "duration": 100
   },
   "18": {
    "frame": { "x": 289, "y": 67, "w": 38, "h": 66 },
    "rotated": false,
    "trimmed": true,
    "spriteSourceSize": { "x": 18, "y": 2, "w": 34, "h": 62 },
    "sourceSize": { "w": 64, "h": 64 },
    "duration": 100
   },
   "19": {
    "frame": { "x": 262, "y": 202, "w": 32, "h": 68 },
    "rotated": false,
    "trimmed": true,
    "spriteSourceSize": { "x": 20, "y": 0, "w": 28, "h": 64 },
    "sourceSize": { "w": 64, "h": 64 },
    "duration": 100
   },
   "20": {
    "frame": { "x": 2, "y": 70, "w": 46, "h": 67 },
    "rotated": false,
    "trimmed": true,
    "spriteSourceSize": { "x": 12, "y": 1, "w": 42, "h": 63 },
    "sourceSize": { "w": 64, "h": 64 },
    "duration": 100
   },
   "21": {
    "frame": { "x": 175, "y": 70, "w": 43, "h": 67 },
    "rotated": false,
    "trimmed": true,
    "spriteSourceSize": { "x": 16, "y": 1, "w": 39, "h": 63 },
    "sourceSize": { "w": 64, "h": 64 },
    "duration": 100
   },
   "22": {
    "frame": { "x": 220, "y": 135, "w": 40, "h": 67 },
    "rotated": false,
    "trimmed": true,
    "spriteSourceSize": { "x": 17, "y": 1, "w": 36, "h": 63 },
    "sourceSize": { "w": 64, "h": 64 },
    "duration": 100
   },
   "23": {
    "frame": { "x": 36, "y": 211, "w": 29, "h": 68 },
    "rotated": false,
    "trimmed": true,
    "spriteSourceSize": { "x": 19, "y": 0, "w": 25, "h": 64 },
    "sourceSize": { "w": 64, "h": 64 },
    "duration": 100
   },
   "24": {
    "frame": { "x": 69, "y": 2, "w": 55, "h": 68 },
    "rotated": false,
    "trimmed": true,
    "spriteSourceSize": { "x": 8, "y": 0, "w": 51, "h": 64 },
    "sourceSize": { "w": 64, "h": 64 },
    "duration": 100
   },
   "25": {
    "frame": { "x": 50, "y": 72, "w": 40, "h": 68 },
    "rotated": false,
    "trimmed": true,
    "spriteSourceSize": { "x": 12, "y": 0, "w": 36, "h": 64 },
    "sourceSize": { "w": 64, "h": 64 },
    "duration": 100
   },
   "26": {
    "frame": { "x": 2, "y": 139, "w": 36, "h": 63 },
    "rotated": false,
    "trimmed": true,
    "spriteSourceSize": { "x": 16, "y": 5, "w": 32, "h": 59 },
    "sourceSize": { "w": 64, "h": 64 },
    "duration": 100
   },
   "27": {
    "frame": { "x": 130, "y": 136, "w": 35, "h": 65 },
    "rotated": false,
    "trimmed": true,
    "spriteSourceSize": { "x": 16, "y": 3, "w": 31, "h": 61 },
    "sourceSize": { "w": 64, "h": 64 },
    "duration": 100
   },
   "28": {
    "frame": { "x": 126, "y": 70, "w": 47, "h": 64 },
    "rotated": false,
    "trimmed": true,
    "spriteSourceSize": { "x": 14, "y": 1, "w": 43, "h": 60 },
    "sourceSize": { "w": 64, "h": 64 },
    "duration": 100
   },
   "29": {
    "frame": { "x": 240, "y": 67, "w": 47, "h": 66 },
    "rotated": false,
    "trimmed": true,
    "spriteSourceSize": { "x": 9, "y": 0, "w": 43, "h": 62 },
    "sourceSize": { "w": 64, "h": 64 },
    "duration": 100
   },
   "30": {
    "frame": { "x": 126, "y": 2, "w": 56, "h": 66 },
    "rotated": false,
    "trimmed": true,
    "spriteSourceSize": { "x": 3, "y": 0, "w": 52, "h": 62 },
    "sourceSize": { "w": 64, "h": 64 },
    "duration": 100
   },
   "31": {
    "frame": { "x": 184, "y": 2, "w": 54, "h": 66 },
    "rotated": false,
    "trimmed": true,
    "spriteSourceSize": { "x": 4, "y": 1, "w": 50, "h": 62 },
    "sourceSize": { "w": 64, "h": 64 },
    "duration": 100
   },
   "32": {
    "frame": { "x": 262, "y": 135, "w": 39, "h": 65 },
    "rotated": false,
    "trimmed": true,
    "spriteSourceSize": { "x": 15, "y": 1, "w": 35, "h": 61 },
    "sourceSize": { "w": 64, "h": 64 },
    "duration": 100
   }
 },
 "meta": {
  "app": "https://www.aseprite.org/",
  "version": "1.3.6-arm64",
  "image": "villain.png",
  "format": "RGBA8888",
  "size": { "w": 329, "h": 337 },
  "scale": "1",
  "frameTags": [
   { "name": "villain-float", "from": 0, "to": 4, "direction": "forward", "color": "#000000ff" },
   { "name": "villian-emerge", "from": 5, "to": 11, "direction": "forward", "color": "#000000ff" },
   { "name": "villian-kick", "from": 12, "to": 19, "direction": "forward", "color": "#000000ff" },
   { "name": "villain-dmg", "from": 20, "to": 23, "direction": "forward", "color": "#000000ff" },
   { "name": "villain-evade", "from": 24, "to": 27, "direction": "forward", "color": "#000000ff" },
   { "name": "villain-summon", "from": 28, "to": 32, "direction": "forward", "color": "#000000ff" }
  ],
  "layers": [
   { "name": "Layer 1", "opacity": 255, "blendMode": "normal" }
  ],
  "slices": [
  ]
 }
}
