{ "frames": {
   "0": {
    "frame": { "x": 2, "y": 2, "w": 125, "h": 125 },
    "rotated": false,
    "trimmed": true,
    "spriteSourceSize": { "x": 7, "y": 0, "w": 121, "h": 121 },
    "sourceSize": { "w": 128, "h": 128 },
    "duration": 100
   },
   "1": {
    "frame": { "x": 129, "y": 2, "w": 110, "h": 116 },
    "rotated": false,
    "trimmed": true,
    "spriteSourceSize": { "x": 17, "y": 8, "w": 106, "h": 112 },
    "sourceSize": { "w": 128, "h": 128 },
    "duration": 100
   }
 },
 "meta": {
  "app": "https://www.aseprite.org/",
  "version": "1.3.6-arm64",
  "image": "willow.png",
  "format": "RGBA8888",
  "size": { "w": 241, "h": 129 },
  "scale": "1",
  "frameTags": [
  ],
  "layers": [
   { "name": "bushes", "opacity": 255, "blendMode": "normal" },
   { "name": "body", "opacity": 255, "blendMode": "normal" },
   { "name": "leaves", "opacity": 255, "blendMode": "normal" }
  ],
  "slices": [
  ]
 }
}
